Name,Team,Position,Total Points,Average Points
OG Anunoby,TOR,"SF, PF",540,36.0
Spencer Dinwiddie,WSH,"SG, PG",623,26.0
Dennis Schroder,BOS,PG,769,28.5
Ben Simmons,PHI,PG,0,0.0
RJ Barrett,NY,"SF, SG",570,22.8
Nickeil Alexander-Walker,NO,SG,675,23.3
Keldon Johnson,SA,"SF, PF",636,25.4
Seth Curry,PHI,"SG, PG",687,27.5
Tim Hardaway,DAL,"SG, SF",657,24.3
Kyrie Irving,BKN,"PG, SG",0,0.0
P.J. Washington,CHA,"PF, C",399,24.9
Isaiah Stewart,DET,"C, PF",545,22.7
Ivica Zubac,LAC,C,708,25.3
Carmelo Anthony,LAL,"PF, SF",660,23.6
Kemba Walker,NY,PG,422,23.4
Jordan Clarkson,UTAH,SG,565,21.7
Jalen Green,HOU,SG,321,17.8
Mitchell Robinson,NY,C,581,24.2
Bojan Bogdanovic,UTAH,"PF, SF",637,24.5
Eric Bledsoe,LAC,"PG, SG",608,21.7
Michael Porter,DEN,"SF, PF",183,20.3
Ricky Rubio,CLE,PG,788,27.2
Evan Fournier,NY,"SG, SF",555,20.6
Bogdan Bogdanovic,ATL,"SG, SF",452,22.6
Joe Ingles,UTAH,"SF, SG, PF",510,19.6
Lauri Markkanen,CLE,"PF, SF",514,25.7
Collin Sexton,CLE,"SG, PG",222,20.2
Saddiq Bey,DET,SF,566,21.8
Josh Giddey,OKC,"PG, SG",657,27.4
Andre Drummond,PHI,C,649,24.0
Thaddeus Young,SA,"PF, SF, C",381,18.1
Jonathan Isaac,ORL,"PF, SF",0,0.0
LaMarcus Aldridge,BKN,"PF, C",696,27.8
Marvin Bagley,SAC,PF,214,16.5
Alex Caruso,CHI,"PG, SG",658,27.4
Daniel Theis,HOU,"C, PF",302,16.8
Steven Adams,MEM,C,626,22.4
Donte DiVincenzo,MIL,"SG, PG",0,0.0
Brook Lopez,MIL,C,28,28.0
Malik Beasley,MIN,"SG, SF",500,18.5
Hassan Whiteside,UTAH,C,477,19.9
Dillon Brooks,MEM,"SG, SF",379,27.1
Killian Hayes,DET,PG,401,19.1
Joe Harris,BKN,"SG, SF",274,19.6
T.J. McConnell,IND,PG,596,24.8
Kawhi Leonard,LAC,"SF, PF",0,0.0
Brandon Clarke,MEM,"PF, C",377,19.8
Luguentz Dort,OKC,"SG, SF",646,25.8
Jamal Murray,DEN,"PG, SG",0,0.0
Pat Connaughton,MIL,"SG, SF",755,26.0
Mason Plumlee,CHA,C,476,23.8
Kyle Anderson,MEM,"SF, PF",536,22.3
Chris Duarte,IND,SG,591,21.9
Jae Crowder,PHX,"PF, SF",579,22.3
T.J. Warren,IND,SF,0,0.0
Kelly Olynyk,DET,"C, PF",270,27.0
Thomas Bryant,WSH,C,0,0.0
John Wall,HOU,PG,0,0.0
Kevin Huerter,ATL,"SG, SF",533,20.5
Duncan Robinson,MIA,"SG, SF",554,19.8
Dorian Finney-Smith,DAL,"SF, PF",645,23.9
Talen Horton-Tucker,LAL,"SG, SF",365,24.3
Kevin Love,CLE,PF,487,23.2
James Wiseman,GS,C,0,0.0
Alperen Sengun,HOU,C,575,22.1
De'Anthony Melton,MEM,"PG, SG",624,25.0
Darius Bazley,OKC,"SF, PF",561,21.6
Royce O'Neale,UTAH,"SF, PF",605,25.2
Marcus Morris,LAC,"PF, SF",268,22.3
Eric Gordon,HOU,SG,546,23.7
Victor Oladipo,MIA,SG,0,0.0
Blake Griffin,BKN,PF,285,15.0
Terance Mann,LAC,SF,568,21.0
Kentavious Caldwell-Pope,WSH,"SG, SF",623,22.3
Patrick Beverley,MIN,PG,508,26.7
Markelle Fultz,ORL,PG,0,0.0
Devin Vassell,SA,"SG, SF",516,24.6
Coby White,CHI,PG,79,8.8
De'Andre Hunter,ATL,"SF, PF",173,15.7
Cam Reddish,ATL,"SF, SG",410,17.8
Nicolas Batum,LAC,"SF, SG",381,25.4
Delon Wright,ATL,"SG, PG",288,11.5
Danilo Gallinari,ATL,"PF, SF",448,18.7
Dwight Howard,LAL,C,394,15.8
Otto Porter,GS,SF,435,18.1
Luke Kennard,LAC,SG,620,22.1
Matisse Thybulle,PHI,"SF, SG",421,20.0
Danny Green,PHI,"SG, SF",402,19.1
Rui Hachimura,WSH,"PF, SF",0,0.0
Isaac Okoro,CLE,SF,400,18.2
Precious Achiuwa,TOR,"PF, C",402,19.1
Terence Davis,SAC,SG,317,15.9
Doug McDermott,SA,"SF, PF",321,16.9
Serge Ibaka,LAC,"C, PF",107,9.7
Davion Mitchell,SAC,PG,552,19.7
Malik Monk,LAL,SG,528,18.9
P.J. Tucker,MIA,"SF, PF",590,21.1
Shake Milton,PHI,"PG, SG",510,22.2
Terrence Ross,ORL,"SG, SF",438,16.2
Dewayne Dedmon,MIA,C,443,15.8
Nerlens Noel,NY,C,238,18.3
Immanuel Quickley,NY,PG,467,17.3
Cedi Osman,CLE,SF,507,22.0
Willy Hernangomez,NO,C,299,21.4
Patrick Williams,CHI,"SF, PF",72,14.4
Isaiah Roby,OKC,"PF, C",156,12.0
Lonnie Walker,SA,"SF, SG",476,18.3
Enes Freedom,BOS,C,185,10.9
Rudy Gay,UTAH,PF,219,18.3
Isaiah Hartenstein,LAC,"PF, C",624,23.1
Goran Dragic,TOR,PG,90,18.0
Gary Payton,GS,PG,447,18.6
Herbert Jones,NO,SF,528,20.3
DeAndre Jordan,LAL,C,346,15.7
Jeff Green,DEN,PF,442,16.4
Armoni Brooks,HOU,PG,319,13.9
Dennis Smith,POR,PG,265,16.6
Rajon Rondo,LAL,PG,175,12.5
Nassir Little,POR,"SF, PF",450,19.6
Andre Iguodala,GS,"SF, SG",233,17.9
Kevon Looney,GS,PF,486,18.0
Aleksej Pokusevski,OKC,PF,297,11.4
DeMarcus Cousins,MIL,C,73,10.4
Gary Harris,ORL,SG,318,14.5
Georges Niang,PHI,PF,515,18.4
Bruce Brown,BKN,SG,446,18.6
Obi Toppin,NY,PF,435,16.7
Nemanja Bjelica,GS,PF,406,15.0
Cameron Payne,PHX,PG,366,17.4
Moses Brown,DAL,C,98,7.5
Justin Holiday,IND,"SG, SF",412,17.9
Khem Birch,TOR,C,290,19.3
Kendrick Nunn,LAL,SG,0,0.0
Nic Claxton,BKN,"C, PF",115,12.8
Caleb Martin,MIA,"SG, SF",402,17.5
Quentin Grimes,NY,SG,87,7.9
Naz Reid,MIN,C,434,17.4
Cam Thomas,BKN,SG,197,9.9
James Bouknight,CHA,SG,73,6.1
Chuma Okeke,ORL,PF,304,13.8
Furkan Korkmaz,PHI,SG,447,16.6
Kenrich Williams,OKC,SF,382,16.6
George Hill,MIL,"PG, SG",409,17.8
Josh Richardson,BOS,"SG, SF",363,18.2
Maxi Kleber,DAL,PF,329,18.3
Dwight Powell,DAL,C,405,15.0
Grant Williams,BOS,PF,479,17.1
Frank Kaminsky,PHX,"C, PF",221,24.6
Jeremy Lamb,IND,"SG, SF",290,13.2
Jonathan Kuminga,GS,"SF, PF",92,5.8
Deni Avdija,WSH,SF,479,17.1
Chimezie Metu,SAC,C,299,19.9
Tristan Thompson,SAC,"C, PF",260,13.0
Derrick Favors,OKC,"C, PF",278,13.9
Bol Bol,DEN,C,42,4.7
Jaxson Hayes,NO,C,224,11.2
Lou Williams,ATL,SG,234,10.6
Tacko Fall,CLE,C,11,1.6
Damion Lee,GS,"SF, SG",287,13.7
Josh Jackson,DET,"SF, SG",313,13.6
Hamidou Diallo,DET,SG,283,14.9
Ish Smith,CHA,PG,195,10.8
Jeremiah Robinson-Earl,OKC,"PF, C",409,15.7
Marc Gasol,LAL,C,0,0.0
Davis Bertans,WSH,PF,173,9.6
Facundo Campazzo,DEN,PG,431,16.6
Bones Hyland,DEN,PG,279,14.7
Landry Shamet,PHX,SG,341,13.6
Paul Millsap,BKN,PF,198,9.4
Reggie Bullock,DAL,"SF, SG",266,10.2
Tomas Satoransky,NO,"PG, SG",181,7.5
Brandon Boston,LAC,SG,149,10.6
Gabe Vincent,MIA,PG,377,15.1
Saben Lee,DET,PG,156,14.2
Bryn Forbes,SA,"SG, PG",261,10.4
Juan Toscano-Anderson,GS,"PF, SF",368,14.2
James Johnson,BKN,"PF, SF",264,14.7
Cory Joseph,DET,PG,375,15.6
DeAndre' Bembry,BKN,SF,407,15.7
Thanasis Antetokounmpo,MIL,SF,192,9.6
Ayo Dosunmu,CHI,SG,290,11.6
Frank Jackson,DET,PG,372,14.3
Kent Bazemore,LAL,"SG, SF",198,10.4
Raul Neto,WSH,PG,402,14.9
Jaden McDaniels,MIN,SF,362,15.1
Onyeka Okongwu,ATL,C,0,0.0
Jordan Nwora,MIL,SF,259,11.3
Kenyon Martin,HOU,SF,394,15.2
Willie Cauley-Stein,DAL,C,109,6.1
Derrick Jones,CHI,SF,382,17.4
Trey Lyles,DET,PF,326,12.5
R.J. Hampton,ORL,PG,358,12.8
Kira Lewis,NO,PG,257,10.7
Josh Christopher,HOU,SG,172,9.1
Taurean Prince,MIN,"SF, PF",222,9.3
Moses Moody,GS,SG,46,2.6
JaMychal Green,DEN,PF,326,13.0
Trevor Ariza,LAL,SF,0,0.0
Boban Marjanovic,DAL,C,98,7.5
Sharife Cooper,ATL,PG,6,1.2
Avery Bradley,LAL,SG,330,13.2
Elfrid Payton,PHX,PG,127,10.6
Xavier Tillman,MEM,PF,326,15.5
Drew Eubanks,SA,PF,385,15.4
Kostas Antetokounmpo,LAL,PF,0,0.0
Mike Muscala,OKC,"C, PF",310,15.5
Luka Garza,DET,C,110,7.3
Payton Pritchard,BOS,PG,114,5.2
Garrett Temple,NO,"SG, SF",389,14.4
Trey Murphy,NO,SG,242,9.0
Gorgui Dieng,ATL,"C, PF",192,8.7
Tre Mann,OKC,PG,200,11.1
Aaron Holiday,WSH,"PG, SG",348,12.9
Ziaire Williams,MEM,SG,161,8.5
Cody Zeller,POR,C,289,12.0
D.J. Augustin,HOU,PG,230,10.0
Jalen Johnson,ATL,SF,21,3.0
Max Strus,MIA,SG,307,14.6
Austin Rivers,DEN,SG,134,7.4
Javonte Green,CHI,SG,333,14.5
Aaron Nesmith,BOS,SF,115,5.0
Danuel House,HOU,"SF, SG",146,9.1
Svi Mykhailiuk,TOR,SG,374,13.9
Jared Butler,UTAH,SG,73,4.3
Oshae Brissett,IND,PF,193,10.7
Eric Paschall,UTAH,PF,141,6.4
Wayne Ellington,LAL,SG,223,11.2
Ben McLemore,POR,SG,130,10.8
Moritz Wagner,ORL,"C, PF",240,10.0
Corey Kispert,WSH,SF,183,7.3
Yuta Watanabe,TOR,SF,122,15.3
Davon Reed,DEN,SG,92,15.3
Tony Bradley,CHI,C,214,10.2
Alex Len,SAC,C,293,14.7
Jalen McDaniels,CHA,PF,287,13.0
Zach Collins,SA,C,0,0.0
Kevin Knox,NY,SF,33,4.7
Markieff Morris,MIA,PF,127,12.7
Joshua Primo,SA,SG,63,7.9
Romeo Langford,BOS,SG,232,10.5
Torrey Craig,IND,SF,314,11.6
Robin Lopez,ORL,C,136,13.6
Kai Jones,CHA,PF,5,0.6
Taj Gibson,NY,PF,153,12.8
Juancho Hernangomez,BOS,"PF, SF",28,1.9
Dwayne Bacon,NY,SG,0,0.0
Isaiah Thomas,NO,PG,0,0.0
Trey Burke,DAL,"PG, SG",188,12.5
Ante Zizic,CLE,C,0,0.0
P.J. Dozier,DEN,PG,245,13.6
